Date,VIX,VXX
2018-01-25,11.58,1770.24
2018-01-26,11.08,1770.24
2018-01-29,13.84,1893.12
2018-01-30,14.79,1955.2
2018-01-31,13.54,1961.6
2018-02-01,13.47,1862.85
2018-02-02,17.31,2102.4
2018-02-05,37.32,2807.04
2018-02-06,29.98,2759.42
2018-02-07,27.73,2850.56
2018-02-08,33.46,3531.52
2018-02-09,29.06,3217.92
2018-02-12,25.61,3107.2
2018-02-13,24.97,3070.08
2018-02-14,19.26,2718.72
2018-02-15,19.13,2656.0
2018-02-16,19.46,2695.68
2018-02-20,20.6,2805.76
2018-02-21,20.02,2848.0
2018-02-22,18.72,2810.88
2018-02-23,16.49,2591.36
2018-02-26,15.8,2513.92
2018-02-27,18.59,2714.24
2018-02-28,19.85,2826.24
2018-03-01,22.47,3020.8
2018-03-02,19.59,2887.68
2018-03-05,18.73,2781.44
2018-03-06,18.36,2796.16
2018-03-07,17.76,2754.56
2018-03-08,16.54,2725.76
2018-03-09,14.64,2448.0
2018-03-12,15.78,2544.64
2018-03-13,16.35,2605.44
2018-03-14,17.23,2662.4
2018-03-15,16.59,2588.16
2018-03-16,15.8,2515.2
2018-03-19,19.02,2775.68
2018-03-20,18.2,2722.56
2018-03-21,17.86,2623.36
2018-03-22,23.34,3020.8
2018-03-23,24.87,3200.0
2018-03-26,21.03,2963.2
2018-03-27,22.5,3185.92
2018-03-28,22.87,3206.08
2018-03-29,19.97,3136.0
2018-04-02,23.62,3317.76
2018-04-03,21.1,3175.68
2018-04-04,20.06,3115.52
2018-04-05,18.94,3031.68
2018-04-06,21.49,3187.2
2018-04-09,21.77,3187.2
2018-04-10,20.47,3187.2
2018-04-11,20.24,3187.2
2018-04-12,18.49,3077.76
2018-04-13,17.41,2942.72
2018-04-16,16.56,2793.6
2018-04-17,15.25,2579.2
2018-04-18,15.6,2595.84
2018-04-19,15.96,2622.08
2018-04-20,16.88,2695.04
2018-04-23,16.34,2662.4
2018-04-24,18.02,2661.76
2018-04-25,17.84,2851.2
2018-04-26,16.24,2717.44
2018-04-27,15.41,2651.2
2018-04-30,15.93,2625.28
2018-05-01,15.49,2711.04
2018-05-02,15.97,2544.64
2018-05-03,15.9,2752.0
2018-05-04,14.77,2579.2
2018-05-07,14.75,2544.0
2018-05-08,14.71,2544.0
2018-05-09,13.42,2482.56
2018-05-10,13.23,2349.44
2018-05-11,12.65,2293.12
2018-05-14,12.93,2225.92
2018-05-15,14.63,2387.2
2018-05-16,13.42,2308.16
2018-05-17,13.43,2250.88
2018-05-18,13.42,2266.88
2018-05-21,13.08,2176.0
2018-05-22,13.22,2191.49
2018-05-23,12.58,2174.72
2018-05-24,12.53,2187.52
2018-05-25,13.22,2164.48
2018-05-29,17.02,2458.88
2018-05-30,14.94,2339.84
2018-05-31,15.43,2364.16
2018-06-01,13.46,2248.32
2018-06-04,12.74,2248.32
2018-06-05,12.4,2177.28
2018-06-06,11.64,2076.16
2018-06-07,12.13,2100.48
2018-06-08,12.18,2075.52
2018-06-11,12.35,2053.12
2018-06-12,12.34,2046.72
2018-06-13,12.94,2056.96
2018-06-14,12.12,2001.41
2018-06-15,11.98,2023.68
2018-06-18,12.31,1999.94
2018-06-19,13.35,2101.7
2018-06-20,12.79,2053.76
2018-06-21,14.64,2189.44
2018-06-22,13.77,2132.48
2018-06-25,17.33,2438.4
2018-06-26,15.92,2338.56
2018-06-27,17.91,2464.0
2018-06-28,16.85,2508.8
2018-06-29,16.09,2362.88
2018-07-02,15.6,2415.36
2018-07-03,16.14,2415.36
2018-07-05,14.97,2314.24
2018-07-06,13.37,2199.36
2018-07-09,12.69,2078.72
2018-07-10,12.64,2034.56
2018-07-11,13.63,2101.76
2018-07-12,12.58,2048.0
2018-07-13,12.18,2030.66
2018-07-16,12.83,1999.36
2018-07-17,12.06,1966.08
2018-07-18,12.1,1955.84
2018-07-19,12.87,1996.8
2018-07-20,12.86,2001.09
2018-07-23,12.62,2019.84
2018-07-24,12.41,1967.36
2018-07-25,12.29,1949.44
2018-07-26,12.14,1954.56
2018-07-27,13.03,2018.56
2018-07-30,14.26,2056.32
2018-07-31,12.83,2008.32
2018-08-01,13.15,1984.0
2018-08-02,12.19,1963.52
2018-08-03,11.64,1928.96
2018-08-06,11.27,1873.15
2018-08-07,10.93,1827.84
2018-08-08,10.85,1794.05
2018-08-09,11.27,1825.92
2018-08-10,13.16,1917.44
2018-08-13,14.78,2028.8
2018-08-14,13.31,1926.4
2018-08-15,14.64,2046.72
2018-08-16,13.45,1934.72
2018-08-17,12.64,1887.36
2018-08-20,12.49,1848.32
2018-08-21,12.86,1885.44
2018-08-22,12.25,1852.8
2018-08-23,12.41,1857.92
2018-08-24,11.99,1847.04
2018-08-27,12.16,1849.6
2018-08-28,12.5,1851.52
2018-08-29,12.25,1833.6
2018-08-30,13.53,1888.64
2018-08-31,12.86,1900.16
2018-09-04,13.16,1873.92
2018-09-05,13.91,1885.44
2018-09-06,14.65,1943.04
2018-09-07,14.88,1971.84
2018-09-10,14.16,1918.72
2018-09-11,13.22,1862.4
2018-09-12,13.14,1838.08
2018-09-13,12.37,1788.16
2018-09-14,12.07,1750.4
2018-09-17,13.68,1804.8
2018-09-18,12.79,1795.2
2018-09-19,11.75,1733.12
2018-09-20,11.8,1704.96
2018-09-21,11.68,1700.22
2018-09-24,12.2,1706.88
2018-09-25,12.42,1722.88
2018-09-26,12.89,1728.0
2018-09-27,12.41,1711.36
2018-09-28,12.12,1708.8
2018-10-01,12.0,1689.6
2018-10-02,12.05,1689.6
2018-10-03,11.61,1676.8
2018-10-04,14.22,1779.2
2018-10-05,14.82,1807.36
2018-10-08,15.69,1832.96
2018-10-09,15.95,1861.12
2018-10-10,22.96,2172.8
2018-10-11,24.98,2359.04
2018-10-12,21.31,2180.48
2018-10-15,21.3,2193.28
2018-10-16,17.62,2053.12
2018-10-17,17.4,2077.44
2018-10-18,20.06,2230.4
2018-10-19,19.89,2193.28
2018-10-22,19.64,2213.12
2018-10-23,20.71,2296.96
2018-10-24,25.23,2474.24
2018-10-25,24.22,2423.04
2018-10-26,24.16,2559.36
2018-10-29,24.7,2581.76
2018-10-30,23.35,2483.84
2018-10-31,21.23,2405.12
2018-11-01,19.34,2327.68
2018-11-02,19.51,2346.24
2018-11-05,19.96,2323.84
2018-11-06,19.91,2245.12
2018-11-07,16.36,2089.6
2018-11-08,16.72,2080.0
2018-11-09,17.36,2126.91
2018-11-12,20.45,2307.84
2018-11-13,20.02,2325.12
2018-11-14,21.25,2385.28
2018-11-15,19.98,2360.32
2018-11-16,18.14,2252.16
2018-11-19,20.1,2384.0
2018-11-20,22.48,2517.12
2018-11-21,20.8,2458.24
2018-11-23,21.52,2479.36
2018-11-26,18.9,2339.2
2018-11-27,19.02,2297.6
2018-11-28,18.49,2229.76
2018-11-29,18.79,2270.08
2018-11-30,18.07,2206.08
2018-12-03,16.44,2086.4
2018-12-04,20.74,2357.76
2018-12-06,21.19,2418.56
2018-12-07,23.23,2580.48
2018-12-10,22.64,2555.52
2018-12-11,21.76,2555.97
2018-12-12,21.46,2535.68
2018-12-13,20.65,2496.64
2018-12-14,21.63,2598.4
2018-12-17,24.52,2725.76
2018-12-18,25.58,2738.56
2018-12-19,25.58,2728.96
2018-12-20,28.38,2867.84
2018-12-21,30.11,3012.48
2018-12-24,36.07,3163.52
2018-12-26,30.41,2995.84
2018-12-27,29.96,3122.56
2018-12-28,28.34,3117.44
2018-12-31,25.42,3007.36
2019-01-02,23.22,2927.36
2019-01-03,25.45,3048.96
2019-01-04,21.38,2807.04
2019-01-07,21.4,2744.32
2019-01-08,20.47,2688.64
2019-01-09,19.98,2625.28
2019-01-10,19.5,2597.76
2019-01-11,18.19,2513.28
2019-01-14,19.07,2520.32
2019-01-15,18.6,2410.88
2019-01-16,19.04,2459.52
2019-01-17,18.06,2432.0
2019-01-18,17.8,2371.84
2019-01-22,20.8,2580.48
2019-01-23,19.52,2566.4
2019-01-24,18.89,2475.52
2019-01-25,17.42,2382.72
2019-01-28,18.87,2481.28
2019-01-29,19.13,2474.24
2019-01-30,17.66,2365.44
2019-01-31,16.57,2267.52
2019-02-01,16.14,2245.76
2019-02-04,15.73,2176.0
2019-02-05,15.57,2157.44
2019-02-06,15.38,2145.92
2019-02-07,16.37,2217.6
2019-02-08,15.72,2190.72
2019-02-11,15.97,2167.04
2019-02-12,15.43,2128.0
2019-02-13,15.65,2122.88
2019-02-14,16.22,2161.28
2019-02-15,14.91,2085.76
2019-02-19,14.88,2092.16
2019-02-20,14.02,2008.32
2019-02-21,14.46,2034.56
2019-02-22,13.51,1957.76
2019-02-25,14.85,1992.96
2019-02-26,15.17,2009.6
2019-02-27,14.7,2011.52
2019-02-28,14.78,2010.24
2019-03-01,13.57,1918.72
2019-03-04,14.63,1965.44
2019-03-05,14.74,1976.96
2019-03-06,15.74,2035.2
2019-03-07,16.59,2112.64
2019-03-08,16.05,2126.72
2019-03-11,14.33,1971.84
2019-03-12,13.77,1916.16
2019-03-13,13.41,1895.68
2019-03-14,13.5,1864.32
2019-03-15,12.88,1829.76
2019-03-18,13.1,1834.24
2019-03-19,13.56,1846.4
2019-03-20,13.91,1866.24
2019-03-21,13.63,1841.92
2019-03-22,16.48,2053.12
2019-03-25,16.33,2063.36
2019-03-26,14.68,1946.88
2019-03-27,15.15,1976.32
2019-03-28,14.43,1932.16
2019-03-29,13.71,1872.64
2019-04-01,13.4,1839.36
2019-04-02,13.36,1834.24
2019-04-03,13.74,1847.04
2019-04-04,13.58,1828.48
2019-04-05,12.82,1792.0
2019-04-08,13.18,1783.68
2019-04-09,14.28,1847.04
2019-04-10,13.3,1795.2
2019-04-11,13.02,1760.0
2019-04-12,12.01,1680.64
2019-04-15,12.32,1658.88
2019-04-16,12.18,1645.44
2019-04-17,12.6,1656.96
2019-04-18,12.09,1630.72
2019-04-22,12.42,1616.0
2019-04-23,12.28,1603.2
2019-04-24,13.14,1644.8
2019-04-25,13.25,1676.8
2019-04-26,12.73,1618.56
2019-04-29,13.11,1643.52
2019-04-30,13.12,1643.52
2019-05-01,14.8,1705.6
2019-05-02,14.42,1708.16
2019-05-03,12.87,1626.88
2019-05-06,15.44,1719.04
2019-05-07,19.32,2005.12
2019-05-08,19.4,1965.44
2019-05-09,19.1,1955.2
2019-05-10,16.04,1804.16
2019-05-13,20.55,2076.8
2019-05-14,18.06,1961.6
2019-05-15,16.44,1879.04
2019-05-16,15.29,1798.4
2019-05-17,15.96,1825.28
2019-05-20,16.31,1852.16
2019-05-21,14.95,1758.72
2019-05-22,14.75,1742.08
2019-05-23,16.92,1857.28
2019-05-24,15.85,1818.88
2019-05-28,17.5,1873.28
2019-05-29,17.9,1909.76
2019-05-30,17.3,1875.84
2019-05-31,18.71,1946.88
2019-06-03,18.86,1966.72
2019-06-04,16.97,1857.28
2019-06-05,16.09,1821.44
2019-06-06,15.93,1782.4
2019-06-07,16.3,1795.84
2019-06-10,15.94,1783.04
2019-06-11,15.99,1786.24
2019-06-12,15.91,1777.92
2019-06-13,15.82,1767.04
2019-06-14,15.28,1748.48
2019-06-17,15.35,1729.92
2019-06-18,15.15,1716.48
2019-06-19,14.33,1659.52
2019-06-20,14.75,1664.64
2019-06-21,15.4,1703.68
2019-06-24,15.26,1688.32
2019-06-25,16.28,1731.2
2019-06-26,16.21,1717.76
2019-06-27,15.82,1690.88
2019-06-28,15.08,1664.0
2019-07-01,14.06,1571.84
2019-07-02,12.93,1513.6
2019-07-03,12.57,1504.64
2019-07-05,13.28,1509.12
2019-07-08,13.96,1550.72
2019-07-09,14.09,1555.2
2019-07-10,13.03,1507.84
2019-07-11,12.93,1482.88
2019-07-12,12.39,1459.2
2019-07-15,12.68,1453.44
2019-07-16,12.86,1457.92
2019-07-17,13.97,1495.04
2019-07-18,13.53,1479.36
2019-07-19,14.45,1496.32
2019-07-22,13.53,1466.24
2019-07-23,12.61,1414.4
2019-07-24,12.07,1378.56
2019-07-25,12.74,1420.8
2019-07-26,12.16,1384.96
2019-07-29,12.83,1397.12
2019-07-30,13.94,1429.76
2019-07-31,16.12,1509.76
2019-08-01,17.87,1628.8
2019-08-02,17.61,1642.24
2019-08-05,24.59,1875.2
2019-08-06,20.17,1758.72
2019-08-07,19.49,1767.68
2019-08-08,16.91,1662.72
2019-08-09,17.97,1723.52
2019-08-12,21.09,1848.96
2019-08-13,17.52,1712.64
2019-08-14,22.1,1949.76
2019-08-15,21.18,1898.88
2019-08-16,18.47,1793.92
2019-08-19,16.88,1662.72
2019-08-20,17.5,1702.4
2019-08-21,15.8,1619.2
2019-08-22,16.68,1648.0
2019-08-23,19.87,1853.44
2019-08-26,19.32,1798.4
2019-08-27,20.31,1834.88
2019-08-28,19.35,1793.28
2019-08-29,17.88,1718.4
2019-08-30,18.98,1728.0
2019-09-03,19.66,1804.16
2019-09-04,17.33,1692.8
2019-09-05,16.27,1630.08
2019-09-06,15.0,1582.08
2019-09-09,15.27,1566.72
2019-09-10,15.2,1561.6
2019-09-11,14.61,1537.28
2019-09-12,14.22,1500.8
2019-09-13,13.74,1477.12
2019-09-16,14.67,1498.88
2019-09-17,14.44,1491.84
2019-09-18,13.95,1443.84
2019-09-19,14.05,1417.6
2019-09-20,15.32,1490.56
2019-09-23,14.91,1477.76
2019-09-24,17.05,1546.24
2019-09-25,15.96,1511.04
2019-09-26,16.07,1523.84
2019-09-27,17.22,1565.44
2019-09-30,16.24,1519.36
2019-10-01,18.56,1586.56
2019-10-02,20.56,1692.8
2019-10-03,19.12,1628.16
2019-10-04,17.04,1541.76
2019-10-07,17.86,1553.28
2019-10-08,20.28,1679.36
2019-10-09,18.64,1623.04
2019-10-10,17.57,1563.52
2019-10-11,15.58,1473.28
2019-10-14,14.57,1425.28
2019-10-15,13.54,1388.16
2019-10-16,13.68,1370.88
2019-10-17,13.79,1362.56
2019-10-18,14.25,1359.36
2019-10-21,14.0,1323.52
2019-10-22,14.46,1344.64
2019-10-23,14.01,1328.0
2019-10-24,13.71,1309.44
2019-10-25,12.65,1266.56
2019-10-28,13.11,1278.72
2019-10-29,13.2,1277.44
2019-10-30,12.33,1246.08
2019-10-31,13.22,1264.0
2019-11-01,12.3,1207.68
2019-11-04,12.83,1209.6
2019-11-05,13.1,1234.56
2019-11-06,12.62,1230.08
2019-11-07,12.73,1218.56
2019-11-08,12.07,1192.96
2019-11-11,12.69,1188.48
2019-11-12,12.68,1174.4
2019-11-13,13.0,1182.72
2019-11-14,13.05,1163.52
2019-11-15,12.05,1113.6
2019-11-18,12.46,1112.32
2019-11-19,12.86,1124.48
2019-11-20,12.78,1136.0
2019-11-21,13.13,1138.56
2019-11-22,12.34,1105.92
2019-11-25,11.87,1057.92
2019-11-26,11.54,1042.56
2019-11-27,11.75,1037.44
2019-11-29,12.62,1058.56
2019-12-02,14.91,1113.6
2019-12-03,15.96,1178.24
2019-12-04,14.8,1123.84
2019-12-05,14.52,1109.12
2019-12-06,13.62,1070.72
2019-12-09,15.86,1126.4
2019-12-10,15.68,1128.32
2019-12-11,14.99,1102.08
2019-12-12,13.94,1036.8
2019-12-13,12.63,993.92
2019-12-16,12.14,972.8
2019-12-17,12.29,965.76
2019-12-18,12.58,975.36
2019-12-19,12.5,951.04
2019-12-20,12.51,962.56
2019-12-23,12.61,965.76
2019-12-24,12.67,956.16
2019-12-26,12.65,954.88
2019-12-27,13.43,974.72
2019-12-30,14.82,1008.64
2019-12-31,13.78,967.68
2020-01-02,12.47,928.64
2020-01-03,14.02,978.56
2020-01-06,13.85,965.12
2020-01-07,13.79,960.64
2020-01-08,13.45,947.2
2020-01-09,12.54,907.52
2020-01-10,12.56,903.68
2020-01-13,12.32,880.64
2020-01-14,12.39,874.24
2020-01-15,12.42,871.68
2020-01-16,12.32,850.56
2020-01-17,12.1,852.48
2020-01-21,12.85,859.52
2020-01-22,12.91,866.56
2020-01-23,12.98,863.36
2020-01-24,14.56,911.36
2020-01-27,18.23,1005.44
2020-01-28,16.28,949.12
2020-01-29,16.39,950.4
2020-01-30,15.49,934.4
2020-01-31,18.84,1036.8
2020-02-03,17.97,997.12
2020-02-04,16.05,949.12
2020-02-05,15.15,908.8
2020-02-06,14.96,901.76
2020-02-07,15.47,920.32
2020-02-10,15.04,902.4
2020-02-11,15.18,903.68
2020-02-12,13.74,857.6
2020-02-13,14.15,876.16
2020-02-14,13.68,865.28
2020-02-18,14.83,880.64
2020-02-19,14.38,867.84
2020-02-20,15.56,898.56
2020-02-21,17.08,953.6
2020-02-24,25.03,1130.88
2020-02-25,27.85,1237.76
2020-02-26,27.56,1211.52
2020-02-27,39.16,1408.0
2020-02-28,40.11,1459.84
2020-03-02,33.42,1409.92
2020-03-03,36.82,1564.8
2020-03-04,31.99,1472.0
2020-03-05,39.62,1707.52
2020-03-06,41.94,1908.48
2020-03-09,54.46,2365.44
2020-03-10,47.3,2183.04
2020-03-11,53.9,2474.24
2020-03-12,75.47,3031.04
2020-03-13,57.83,2764.8
2020-03-16,82.69,3789.44
2020-03-17,75.91,3744.64
2020-03-18,76.45,4416.0
2020-03-19,72.0,3968.0
2020-03-20,66.04,3875.2
2020-03-23,61.59,3272.32
2020-03-24,61.67,3017.6
2020-03-25,63.95,3257.6
2020-03-26,61.0,2919.68
2020-03-27,65.54,3238.4
2020-03-30,57.08,3112.32
2020-03-31,53.54,2960.0
2020-04-01,57.06,3214.08
2020-04-02,50.91,3031.04
2020-04-03,46.8,2908.8
2020-04-06,45.24,2701.44
2020-04-07,46.7,2778.24
2020-04-08,43.35,2713.6
2020-04-09,41.67,2660.48
2020-04-13,41.17,2605.44
2020-04-14,37.76,2394.24
2020-04-15,40.84,2586.24
2020-04-16,40.11,2607.36
2020-04-17,38.15,2499.2
2020-04-20,43.83,2741.76
2020-04-21,45.41,2970.88
2020-04-22,41.98,2828.16
2020-04-23,41.38,2819.84
2020-04-24,35.93,2657.28
2020-04-27,33.29,2461.44
2020-04-28,33.57,2500.48
2020-04-29,31.23,2349.12
2020-04-30,34.15,2423.68
2020-05-01,37.19,2636.16
2020-05-04,35.97,2576.64
2020-05-05,33.61,2474.88
2020-05-06,34.12,2509.44
2020-05-07,31.44,2398.08
2020-05-08,27.98,2236.8
2020-05-11,27.57,2087.68
2020-05-12,33.04,2297.6
2020-05-13,35.28,2537.6
2020-05-14,32.61,2398.08
2020-05-15,31.89,2342.4
2020-05-18,29.3,2191.36
2020-05-19,30.53,2305.92
2020-05-20,27.99,2156.8
2020-05-21,29.53,2219.52
2020-05-22,28.16,2198.4
2020-05-26,28.01,2165.12
2020-05-27,27.62,2121.6
2020-05-28,28.59,2206.72
2020-05-29,27.51,2120.32
2020-06-01,28.23,2138.88
2020-06-02,26.84,2079.36
2020-06-03,25.66,1989.76
2020-06-04,25.81,1973.76
2020-06-05,24.52,1866.88
2020-06-08,25.81,1908.48
2020-06-09,27.57,2001.28
2020-06-10,27.57,1992.32
2020-06-11,40.79,2663.04
2020-06-12,36.09,2477.44
2020-06-15,34.4,2414.08
2020-06-16,33.67,2359.68
2020-06-17,33.47,2366.72
2020-06-18,32.94,2323.84
2020-06-19,35.12,2360.96
2020-06-22,31.77,2245.76
2020-06-23,31.37,2204.8
2020-06-24,33.84,2350.08
2020-06-25,32.22,2264.96
2020-06-26,34.73,2400.0
2020-06-29,31.78,2283.52
2020-06-30,30.43,2172.8
2020-07-01,28.62,2104.96
2020-07-02,27.68,2068.48
2020-07-06,27.94,2065.92
2020-07-07,29.43,2136.96
2020-07-08,28.08,2083.2
2020-07-09,29.26,2115.84
2020-07-10,27.29,2057.6
2020-07-13,32.19,2255.36
2020-07-14,29.52,2125.44
2020-07-15,27.76,2064.64
2020-07-16,28.0,2032.64
2020-07-17,25.68,1959.68
2020-07-20,24.46,1870.72
2020-07-21,24.84,1887.36
2020-07-22,24.32,1866.24
2020-07-23,26.08,1924.48
2020-07-24,25.84,1930.88
2020-07-27,24.74,1877.76
2020-07-28,25.44,1866.88
2020-07-29,24.1,1828.48
2020-07-30,24.76,1868.8
2020-07-31,24.46,1825.28
2020-08-03,24.28,1821.44
2020-08-04,23.76,1767.68
2020-08-05,22.99,1730.56
2020-08-06,22.65,1711.36
2020-08-07,22.21,1697.92
2020-08-10,22.13,1648.0
2020-08-11,24.03,1724.8
2020-08-12,22.28,1633.92
2020-08-13,22.13,1632.64
2020-08-14,22.05,1628.16
2020-08-17,21.35,1573.76
2020-08-18,21.51,1557.12
2020-08-19,22.54,1585.28
2020-08-20,22.72,1568.0
2020-08-21,22.54,1576.32
2020-08-24,22.37,1569.28
2020-08-25,22.03,1560.96
2020-08-26,23.27,1595.52
2020-08-27,24.47,1646.08
2020-08-28,22.96,1637.12
2020-08-31,26.41,1718.4
2020-09-01,26.12,1745.28
2020-09-02,26.57,1788.16
2020-09-03,33.6,2029.44
2020-09-04,30.75,1850.88
2020-09-08,31.46,1809.92
2020-09-09,28.81,1717.12
2020-09-10,29.71,1736.32
2020-09-11,26.87,1633.28
2020-09-14,25.85,1604.48
2020-09-15,25.59,1601.92
2020-09-16,26.04,1597.44
2020-09-17,26.46,1560.96
2020-09-18,25.83,1559.68
2020-09-21,27.78,1610.24
2020-09-22,26.86,1623.04
2020-09-23,28.58,1708.8
2020-09-24,28.51,1676.16
2020-09-25,26.38,1634.56
2020-09-28,26.19,1623.04
2020-09-29,26.27,1596.16
2020-09-30,26.37,1593.6
2020-10-01,26.7,1600.64
2020-10-02,27.63,1649.92
2020-10-05,27.96,1598.08
2020-10-06,29.48,1620.48
2020-10-07,28.06,1567.36
2020-10-08,26.36,1504.64
2020-10-09,25.0,1426.56
2020-10-12,25.07,1398.4
2020-10-13,26.07,1417.6
2020-10-14,26.4,1402.88
2020-10-15,26.97,1415.04
2020-10-16,27.41,1425.28
2020-10-19,29.18,1487.36
2020-10-20,29.35,1486.72
2020-10-21,28.65,1451.52
2020-10-22,28.11,1417.6
2020-10-23,27.55,1418.88
2020-10-26,32.46,1546.88
2020-10-27,33.35,1553.28
2020-10-28,40.28,1774.72
2020-10-29,37.59,1648.0
2020-10-30,38.02,1697.92
2020-11-02,37.13,1660.16
2020-11-03,35.55,1568.64
2020-11-04,29.57,1430.4
2020-11-05,27.58,1406.72
2020-11-06,24.86,1313.28
2020-11-09,25.75,1284.48
2020-11-10,24.8,1246.08
2020-11-11,23.45,1215.36
2020-11-12,25.35,1301.12
2020-11-13,23.1,1221.12
2020-11-16,22.45,1186.56
2020-11-17,22.71,1171.2
2020-11-18,23.84,1205.76
2020-11-19,23.11,1192.96
2020-11-20,23.7,1190.4
2020-11-23,22.66,1175.04
2020-11-24,21.64,1155.2
2020-11-25,21.25,1112.96
2020-11-27,20.84,1120.64
2020-11-30,20.57,1099.52
2020-12-01,20.77,1110.4
2020-12-02,21.17,1104.64
2020-12-03,21.28,1114.88
2020-12-04,20.79,1095.04
2020-12-07,21.3,1101.44
2020-12-08,20.68,1061.76
2020-12-09,22.27,1100.8
2020-12-10,22.52,1111.04
2020-12-11,23.31,1152.0
2020-12-14,24.72,1178.24
2020-12-15,22.89,1123.84
2020-12-16,22.5,1087.36
2020-12-17,21.93,1072.0
2020-12-18,21.57,1093.12
2020-12-21,25.16,1180.16
2020-12-22,24.23,1159.04
2020-12-23,23.31,1112.32
2020-12-24,21.53,1080.32
2020-12-28,21.7,1076.48
2020-12-29,23.08,1115.52
2020-12-30,22.77,1075.2
2020-12-31,22.75,1074.56
2021-01-04,26.97,1168.0
2021-01-05,25.34,1128.96
2021-01-06,25.07,1123.2
2021-01-07,22.37,1056.0
2021-01-08,21.56,1046.4
2021-01-11,24.08,1109.76
2021-01-12,23.33,1072.0
2021-01-13,22.21,1055.36
2021-01-14,23.25,1067.52
2021-01-15,24.34,1095.04
2021-01-19,23.24,1064.32
2021-01-20,21.58,1043.84
2021-01-21,21.32,1035.52
2021-01-22,21.91,1049.6
2021-01-25,23.19,1091.84
2021-01-26,23.02,1100.8
2021-01-27,37.21,1296.0
2021-01-28,30.21,1266.56
2021-01-29,33.09,1349.12
2021-02-01,30.24,1272.32
2021-02-02,25.56,1164.16
2021-02-03,22.91,1104.0
2021-02-04,21.77,1056.0
2021-02-05,20.87,1054.08
2021-02-08,21.24,1045.12
2021-02-09,21.63,1049.6
2021-02-10,21.99,1066.88
2021-02-11,21.25,1041.92
2021-02-12,19.97,1007.36
2021-02-16,21.46,1018.24
2021-02-17,21.5,997.12
2021-02-18,22.49,1002.24
2021-02-19,22.05,966.4
2021-02-22,23.45,1006.72
2021-02-23,23.11,965.12
2021-02-24,21.34,926.72
2021-02-25,28.89,1074.56
2021-02-26,27.95,1025.92
2021-03-01,23.35,949.76
2021-03-02,24.1,958.08
2021-03-03,26.67,999.04
2021-03-04,28.57,1041.28
2021-03-05,24.66,967.68
2021-03-08,25.47,984.96
2021-03-09,24.03,945.28
2021-03-10,22.56,933.12
2021-03-11,21.91,910.08
2021-03-12,20.69,892.8
2021-03-15,20.03,842.24
2021-03-16,19.79,842.24
2021-03-17,19.23,805.76
2021-03-18,21.58,850.56
2021-03-19,20.95,817.28
2021-03-22,18.88,764.16
2021-03-23,20.3,800.0
2021-03-24,21.2,807.04
2021-03-25,19.81,782.72
2021-03-26,18.86,751.36
2021-03-29,20.74,768.64
2021-03-30,19.61,735.36
2021-03-31,19.4,729.6
2021-04-01,17.33,707.2
2021-04-05,17.91,689.28
2021-04-06,18.12,689.28
2021-04-07,17.16,671.36
2021-04-08,16.95,661.12
2021-04-09,16.69,659.84
2021-04-12,16.91,650.24
2021-04-13,16.65,645.76
2021-04-14,16.99,659.84
2021-04-15,16.57,638.08
2021-04-16,16.25,627.84
2021-04-19,17.29,650.88
2021-04-20,18.68,665.6
2021-04-21,17.5,629.76
2021-04-22,18.71,668.8
2021-04-23,17.33,642.72
2021-04-26,17.64,637.12
2021-04-27,17.56,624.16
2021-04-28,17.28,621.92
2021-04-29,17.61,617.12
2021-04-30,18.61,642.56
2021-05-03,18.31,620.0
2021-05-04,19.48,643.36
2021-05-05,19.15,627.04
2021-05-06,18.39,623.2
2021-05-07,16.69,587.84
2021-05-10,19.66,613.6
2021-05-11,21.84,659.36
2021-05-12,27.59,774.32
2021-05-13,23.13,700.0
2021-05-14,18.81,617.68
2021-05-17,19.72,637.92
2021-05-18,21.34,647.2
2021-05-19,22.18,677.6
2021-05-20,20.67,639.84
2021-05-21,20.15,631.68
2021-05-24,18.4,603.68
2021-05-25,18.84,603.2
2021-05-26,17.36,574.4
2021-05-27,16.74,546.56
2021-05-28,16.76,555.2
2021-06-01,17.9,568.48
2021-06-02,17.48,553.76
2021-06-03,18.04,564.0
2021-06-04,16.42,534.24
2021-06-07,16.42,524.64
2021-06-08,17.07,530.24
2021-06-09,17.89,538.88
2021-06-10,16.1,507.68
2021-06-11,15.65,493.12
2021-06-14,16.39,497.76
2021-06-15,17.02,508.64
2021-06-16,18.15,513.12
2021-06-17,17.75,510.24
2021-06-18,20.7,555.04
2021-06-21,17.89,520.64
2021-06-22,16.66,493.92
2021-06-23,16.32,484.64
2021-06-24,15.97,475.2
2021-06-25,15.62,466.4
2021-06-28,15.76,466.4
2021-06-29,16.02,476.32
2021-06-30,15.83,471.36
2021-07-01,15.48,463.68
2021-07-02,15.07,462.56
2021-07-06,16.44,473.12
2021-07-07,16.2,474.08
2021-07-08,19.0,504.8
2021-07-09,16.18,470.88
2021-07-12,16.17,467.84
2021-07-13,17.12,473.44
2021-07-14,16.33,462.56
2021-07-15,17.01,469.28
2021-07-16,18.45,488.8
2021-07-19,22.5,558.56
2021-07-20,19.73,511.52
2021-07-21,17.91,479.04
2021-07-22,17.69,487.52
2021-07-23,17.2,485.28
2021-07-26,17.58,477.6
2021-07-27,19.36,493.76
2021-07-28,18.31,479.84
2021-07-29,17.7,471.84
2021-07-30,18.24,483.36
2021-08-02,19.46,502.08
2021-08-03,18.04,476.96
2021-08-04,17.97,476.32
2021-08-05,17.28,464.8
2021-08-06,16.15,452.8
2021-08-09,16.72,448.16
2021-08-10,16.79,440.48
2021-08-11,16.17,428.48
2021-08-12,15.59,419.84
2021-08-13,15.45,420.48
2021-08-16,16.12,421.12
2021-08-17,17.91,435.2
2021-08-18,21.57,465.12
2021-08-19,21.67,480.24
2021-08-20,18.56,444.16
2021-08-23,17.15,428.96
2021-08-24,17.22,427.36
2021-08-25,16.79,418.08
2021-08-26,18.84,436.0
2021-08-27,16.39,413.6
2021-08-30,16.19,409.44
2021-08-31,16.48,407.84
2021-09-01,16.11,397.12
2021-09-02,16.41,396.32
2021-09-03,16.41,399.04
2021-09-07,18.14,408.8
2021-09-08,17.96,408.16
2021-09-09,18.8,416.8
2021-09-10,20.95,432.96
2021-09-13,19.37,417.44
2021-09-14,19.46,423.36
2021-09-15,18.18,406.88
2021-09-16,18.69,402.88
2021-09-17,20.81,428.96
2021-09-20,25.71,475.84
2021-09-21,24.36,461.76
2021-09-22,20.87,433.12
2021-09-23,18.63,405.76
2021-09-24,17.75,393.28
2021-09-27,18.76,397.12
2021-09-28,23.25,438.56
2021-09-29,22.56,444.96
2021-09-30,23.14,445.28
2021-10-01,21.1,429.12
2021-10-04,22.96,441.12
2021-10-05,21.3,424.8
2021-10-06,21.0,419.36
2021-10-07,19.54,404.16
2021-10-08,18.77,396.64
2021-10-11,20.0,401.92
2021-10-12,19.85,393.76
2021-10-13,18.64,386.24
2021-10-14,16.86,364.96
2021-10-15,16.3,364.64
2021-10-18,16.31,357.92
2021-10-19,15.7,354.4
2021-10-20,15.49,351.2
2021-10-21,15.01,339.52
2021-10-22,15.43,347.2
2021-10-25,15.24,336.96
2021-10-26,15.98,343.52
2021-10-27,16.98,351.2
2021-10-28,16.53,340.32
2021-10-29,16.26,343.04
2021-11-01,16.41,337.6
2021-11-02,16.03,328.48
2021-11-03,15.1,317.12
2021-11-04,15.44,320.8
2021-11-05,16.48,333.28
2021-11-08,17.22,333.76
2021-11-09,17.78,339.36
2021-11-10,18.73,345.6
2021-11-11,17.66,338.24
2021-11-12,16.29,325.76
2021-11-15,16.49,321.92
2021-11-16,16.37,323.04
2021-11-17,17.11,328.32
2021-11-18,17.59,331.36
2021-11-19,17.91,335.36
2021-11-22,19.17,341.28
2021-11-23,19.38,333.6
2021-11-24,18.58,328.8
2021-11-26,28.62,418.56
2021-11-29,22.96,352.8
2021-11-30,27.19,407.36
2021-12-01,31.12,436.8
2021-12-02,27.95,411.52
2021-12-03,30.67,447.36
2021-12-06,27.18,412.48
2021-12-07,21.89,366.4
2021-12-08,19.9,344.32
2021-12-09,21.58,355.2
2021-12-10,18.69,332.48
2021-12-13,20.31,346.24
2021-12-14,21.89,350.88
2021-12-15,19.29,326.88
2021-12-16,20.57,340.64
2021-12-17,21.57,351.52
2021-12-20,22.87,364.48
2021-12-21,21.01,346.56
2021-12-22,18.63,326.56
2021-12-23,17.96,322.88
2021-12-27,17.68,315.2
2021-12-28,17.54,307.36
2021-12-29,16.95,299.36
2021-12-30,17.33,299.36
2021-12-31,17.22,296.48
2022-01-03,16.6,286.4
2022-01-04,16.91,286.08
2022-01-05,19.73,308.64
2022-01-06,19.61,310.08
2022-01-07,18.76,301.12
2022-01-10,19.4,295.52
2022-01-11,18.41,285.12
2022-01-12,17.62,282.08
2022-01-13,20.31,299.84
2022-01-14,19.19,295.2
2022-01-18,22.79,318.24
2022-01-19,23.85,325.76
2022-01-20,25.59,339.84
2022-01-21,28.85,371.2
2022-01-24,29.9,379.52
2022-01-25,31.16,381.76
2022-01-26,31.96,389.12
2022-01-27,30.49,391.84
2022-01-28,27.66,367.2
2022-01-31,24.83,342.56
2022-02-01,21.96,317.44
2022-02-02,22.09,310.72
2022-02-03,24.35,348.48
2022-02-04,23.22,336.0
2022-02-07,22.86,326.72
2022-02-08,21.44,312.0
2022-02-09,19.96,299.36
2022-02-10,23.91,327.36
2022-02-11,27.36,371.84
2022-02-14,28.33,372.96
2022-02-15,25.7,342.24
2022-02-16,24.29,328.48
2022-02-17,28.11,367.36
2022-02-18,27.75,375.2
2022-02-22,28.81,373.76
2022-02-23,31.02,395.2
2022-02-24,30.32,382.8
2022-02-25,27.59,367.2
2022-02-28,30.15,384.0
2022-03-01,33.32,426.72
2022-03-02,30.74,399.36
2022-03-03,30.48,401.76
2022-03-04,31.98,419.2
2022-03-07,36.45,455.84
2022-03-08,35.13,450.4
2022-03-09,32.45,432.48
2022-03-10,30.23,413.28
2022-03-11,30.75,421.44
2022-03-14,31.77,460.96
2022-03-15,29.83,459.2
2022-03-16,26.67,415.2
2022-03-17,25.67,418.4
2022-03-18,23.87,400.0
2022-03-21,23.53,416.16
2022-03-22,22.94,407.12
2022-03-23,23.57,407.84
2022-03-24,21.67,403.2
2022-03-25,20.81,403.2
2022-03-28,19.63,411.68
2022-03-29,18.9,397.6
2022-03-30,19.33,400.0
2022-03-31,20.56,411.2
2022-04-01,19.63,400.48
2022-04-04,18.57,390.88
2022-04-05,21.03,396.96
2022-04-06,22.1,390.08
2022-04-07,21.55,384.8
2022-04-08,21.16,394.72
2022-04-11,24.37,417.6
2022-04-12,24.26,411.84
2022-04-13,21.82,393.44
2022-04-14,22.7,399.84
2022-04-18,22.17,404.96
2022-04-19,21.37,395.68
2022-04-20,20.32,390.24
2022-04-21,22.68,397.76
2022-04-22,28.21,418.4
2022-04-25,27.02,396.8
2022-04-26,33.52,421.6
2022-04-27,31.6,435.2
2022-04-28,29.99,416.64
2022-04-29,33.4,443.36
2022-05-02,32.34,440.0
2022-05-03,29.25,432.8
2022-05-04,25.42,397.6
2022-05-05,31.2,432.0
2022-05-06,30.19,433.12
2022-05-09,34.75,448.16
2022-05-10,32.99,432.88
2022-05-11,32.56,436.48
2022-05-12,31.77,430.88
2022-05-13,28.87,415.52
2022-05-16,27.47,395.04
2022-05-17,26.1,396.64
2022-05-18,30.96,417.44
2022-05-19,29.35,405.68
2022-05-20,29.43,400.8
2022-05-23,28.48,384.96
2022-05-24,29.45,384.48
2022-05-25,28.37,378.4
2022-05-26,27.5,372.16
2022-05-27,25.72,359.36
2022-05-31,26.19,360.96
2022-06-01,25.69,356.16
2022-06-02,24.72,347.2
2022-06-03,24.79,350.24
2022-06-06,25.07,352.48
2022-06-07,24.02,346.72
2022-06-08,23.96,348.8
2022-06-09,26.09,370.08
2022-06-10,27.75,373.28
2022-06-13,34.02,413.44
2022-06-14,32.69,405.28
2022-06-15,29.62,383.52
2022-06-16,32.95,406.4
2022-06-17,31.13,394.56
2022-06-21,30.19,392.0
2022-06-22,28.95,381.44
2022-06-23,29.05,374.4
2022-06-24,27.23,369.92
2022-06-27,26.95,361.6
2022-06-28,28.36,364.48
2022-06-29,28.16,365.44
2022-06-30,28.71,369.28
2022-07-01,26.7,360.64
2022-07-05,27.54,360.8
2022-07-06,26.73,354.56
2022-07-07,26.08,357.28
2022-07-08,24.64,351.84
2022-07-11,26.17,355.36
2022-07-12,27.29,359.68
2022-07-13,26.82,358.56
2022-07-14,26.4,357.12
2022-07-15,24.23,344.64
2022-07-18,25.3,350.56
2022-07-19,24.5,349.6
2022-07-20,23.88,345.12
2022-07-21,23.11,339.2
2022-07-22,23.03,342.4
2022-07-25,23.36,338.4
2022-07-26,24.69,346.72
2022-07-27,23.24,340.96
2022-07-28,22.33,333.12
2022-07-29,21.33,335.04
2022-08-01,22.84,348.8
2022-08-02,23.93,346.4
2022-08-03,21.95,351.2
2022-08-04,21.44,341.12
2022-08-05,21.15,344.0
2022-08-08,21.29,353.12
2022-08-09,21.77,351.04
2022-08-10,19.74,343.04
2022-08-11,20.2,347.04
2022-08-12,19.53,352.8
2022-08-15,19.95,343.84
2022-08-16,19.69,340.64
2022-08-17,19.9,337.6
2022-08-18,19.56,338.24
2022-08-19,20.6,338.56
2022-08-22,23.8,339.52
2022-08-23,24.11,322.24
2022-08-24,22.82,316.8
2022-08-25,21.78,315.2
2022-08-26,25.56,322.4
2022-08-29,26.21,315.36
2022-08-30,26.21,311.68
2022-08-31,25.87,307.84
2022-09-01,25.56,311.04
2022-09-02,25.47,305.44
2022-09-06,26.91,308.0
2022-09-07,24.64,296.8
2022-09-08,23.61,291.52
2022-09-09,22.79,295.52
2022-09-12,23.87,290.4
2022-09-13,27.27,304.16
2022-09-14,26.16,305.44
2022-09-15,26.27,306.4
2022-09-16,26.3,316.96
2022-09-19,25.76,287.84
2022-09-20,27.16,294.56
2022-09-21,27.99,301.76
2022-09-22,27.35,302.56
2022-09-23,29.92,317.12
2022-09-26,32.26,328.96
2022-09-27,32.6,335.2
2022-09-28,30.18,321.12
2022-09-29,31.84,329.92
2022-09-30,31.62,339.36
2022-10-03,30.1,322.4
2022-10-04,29.07,310.24
2022-10-05,28.55,312.32
2022-10-06,30.52,321.44
2022-10-07,31.36,334.56
2022-10-10,32.45,342.88
2022-10-11,33.63,348.16
2022-10-12,33.57,344.64
2022-10-13,31.94,335.68
2022-10-14,32.02,343.2
2022-10-17,31.37,333.44
2022-10-18,30.5,327.04
2022-10-19,30.76,329.6
2022-10-20,29.98,325.28
2022-10-21,29.69,324.0
2022-10-24,29.85,319.04
2022-10-25,28.46,306.72
2022-10-26,27.28,299.68
2022-10-27,27.39,293.76
2022-10-28,25.75,286.88
2022-10-31,25.88,282.56
2022-11-01,25.81,279.84
2022-11-02,25.86,287.04
2022-11-03,25.3,281.12
2022-11-04,24.55,277.6
2022-11-07,24.35,274.56
2022-11-08,25.54,282.56
2022-11-09,26.09,291.36
2022-11-10,23.53,275.36
2022-11-11,22.52,271.68
2022-11-14,23.73,271.68
2022-11-15,24.54,275.2
2022-11-16,24.11,267.84
2022-11-17,23.93,265.28
2022-11-18,23.12,262.56
2022-11-21,22.36,255.52
2022-11-22,21.29,246.72
2022-11-23,20.35,241.28
2022-11-25,20.5,242.56
2022-11-28,22.21,251.52
2022-11-29,21.89,247.84
2022-11-30,20.58,238.72
2022-12-01,19.84,234.24
2022-12-02,19.06,230.08
2022-12-05,20.75,234.08
2022-12-06,22.17,241.12
2022-12-07,22.68,244.64
2022-12-08,22.29,239.68
2022-12-09,22.83,244.8
2022-12-12,25.0,243.36
2022-12-13,22.55,233.28
2022-12-14,21.14,225.28
2022-12-15,22.83,239.36
2022-12-16,22.62,240.16
2022-12-19,22.42,234.4
2022-12-20,21.48,232.64
2022-12-21,20.07,223.84
2022-12-22,21.97,236.0
2022-12-23,20.87,229.6
2022-12-27,21.65,229.44
2022-12-28,22.14,228.96
2022-12-29,21.44,226.08
2022-12-30,21.67,225.92
2023-01-03,22.9,223.84
2023-01-04,22.01,217.76
2023-01-05,22.46,219.52
2023-01-06,21.13,214.4
2023-01-09,21.97,215.52
2023-01-10,20.58,206.56
2023-01-11,21.09,207.52
2023-01-12,18.83,197.28
2023-01-13,18.35,192.32
2023-01-17,19.36,193.92
2023-01-18,20.34,200.8
2023-01-19,20.52,201.92
2023-01-20,19.85,194.72
2023-01-23,19.81,193.28
2023-01-24,19.2,185.76
2023-01-25,19.08,186.08
2023-01-26,18.73,183.2
2023-01-27,18.51,180.8
2023-01-30,19.94,185.28
2023-01-31,19.4,181.12
2023-02-01,17.87,175.68
2023-02-02,18.73,179.36
2023-02-03,18.33,181.12
2023-02-06,19.43,185.6
2023-02-07,18.66,179.84
2023-02-08,19.63,186.56
2023-02-09,20.71,192.48
2023-02-10,20.53,194.72
2023-02-13,20.34,187.04
2023-02-14,18.91,180.8
2023-02-15,18.23,177.12
2023-02-16,20.17,186.88
2023-02-17,20.02,186.72
2023-02-21,22.87,201.28
2023-02-22,22.29,195.52
2023-02-23,21.14,188.64
2023-02-24,21.67,196.0
2023-02-27,20.95,188.48
2023-02-28,20.7,184.64
2023-03-01,20.58,186.4
2023-03-02,19.59,179.52
2023-03-03,18.49,174.4
2023-03-06,18.61,171.36
2023-03-07,19.59,175.08
2023-03-08,19.11,172.2
2023-03-09,22.61,190.04
2023-03-10,24.8,211.72
2023-03-13,26.52,218.16
2023-03-14,23.73,206.64
2023-03-15,26.14,219.84
2023-03-16,22.99,201.84
2023-03-17,25.51,223.84
2023-03-20,24.15,212.4
2023-03-21,21.38,193.84
2023-03-22,22.26,202.16
2023-03-23,22.61,207.56
2023-03-24,21.74,198.96
2023-03-27,20.6,191.88
2023-03-28,19.97,186.56
2023-03-29,19.12,180.44
2023-03-30,19.02,180.44
2023-03-31,18.7,179.64
2023-04-03,18.55,175.64
2023-04-04,19.0,178.68
2023-04-05,19.08,177.04
2023-04-06,18.4,173.92
2023-04-10,18.97,172.24
2023-04-11,19.1,170.56
2023-04-12,19.09,171.6
2023-04-13,17.8,165.36
2023-04-14,17.07,162.44
2023-04-17,16.95,158.0
2023-04-18,16.83,156.96
2023-04-19,16.46,156.36
2023-04-20,17.17,159.8
2023-04-21,16.77,156.8
2023-04-24,16.89,155.96
2023-04-25,18.76,169.16
2023-04-26,18.84,164.88
2023-04-27,17.03,157.72
2023-04-28,15.78,151.44
2023-05-01,16.08,148.96
2023-05-02,17.78,155.56
2023-05-03,18.34,160.4
2023-05-04,20.09,168.24
2023-05-05,17.19,155.0
2023-05-08,16.98,152.44
2023-05-09,17.71,156.12
2023-05-10,16.94,151.36
2023-05-11,16.93,149.88
2023-05-12,17.03,150.04
2023-05-15,17.12,146.0
2023-05-16,17.99,150.44
2023-05-17,16.87,145.44
2023-05-18,16.05,139.6
2023-05-19,16.81,143.08
2023-05-22,17.21,143.24
2023-05-23,18.53,145.96
2023-05-24,20.03,151.84
2023-05-25,19.14,148.28
2023-05-26,17.95,142.6
2023-05-30,17.46,138.92
2023-05-31,17.94,137.84
2023-06-01,15.65,129.96
2023-06-02,14.6,124.72
2023-06-05,14.73,122.44
2023-06-06,13.96,115.12
2023-06-07,13.94,115.64
2023-06-08,13.65,112.84
2023-06-09,13.83,113.44
2023-06-12,15.01,113.96
2023-06-13,14.61,113.68
2023-06-14,13.88,110.28
2023-06-15,14.5,113.2
2023-06-16,13.54,109.2
2023-06-20,13.88,109.4
2023-06-21,13.2,107.16
2023-06-22,12.91,104.6
2023-06-23,13.44,105.92
2023-06-26,14.25,105.72
2023-06-27,13.74,103.08
2023-06-28,13.43,99.32
2023-06-29,13.54,101.48
2023-06-30,13.59,100.0
2023-07-03,13.57,98.96
2023-07-05,14.18,100.28
2023-07-06,15.44,106.04
2023-07-07,14.83,103.32
2023-07-10,15.07,102.64
2023-07-11,14.84,101.88
2023-07-12,13.54,96.28
2023-07-13,13.61,96.84
2023-07-14,13.34,95.68
2023-07-17,13.48,95.48
2023-07-18,13.3,93.92
2023-07-19,13.76,95.6
2023-07-20,13.99,95.96
2023-07-21,13.6,94.8
2023-07-24,13.91,93.2
2023-07-25,13.86,93.16
2023-07-26,13.19,90.68
2023-07-27,14.41,95.2
2023-07-28,13.33,91.6
2023-07-31,13.63,90.4
2023-08-01,13.93,91.8
2023-08-02,16.09,100.08
2023-08-03,15.92,99.76
2023-08-04,17.1,103.32
2023-08-07,15.77,97.92
2023-08-08,15.99,99.64
2023-08-09,15.96,98.76
2023-08-10,15.85,99.2
2023-08-11,14.84,95.32
2023-08-14,14.82,93.68
2023-08-15,16.46,99.08
2023-08-16,16.78,100.68
2023-08-17,17.89,105.52
2023-08-18,17.3,102.84
2023-08-21,17.13,100.12
2023-08-22,16.97,100.56
2023-08-23,15.98,97.22
2023-08-24,17.2,101.2
2023-08-25,15.68,96.8
2023-08-28,15.08,93.0
2023-08-29,14.45,90.68
2023-08-30,13.88,87.96
2023-08-31,13.57,86.0
2023-09-01,13.09,84.84
2023-09-05,14.01,85.4
2023-09-06,14.45,86.96
2023-09-07,14.4,86.84
2023-09-08,13.84,85.12
2023-09-11,13.8,83.12
2023-09-12,14.23,83.72
2023-09-13,13.48,82.04
2023-09-14,12.82,79.64
2023-09-15,13.79,82.72
2023-09-18,14.0,82.04
2023-09-19,14.11,81.64
2023-09-20,15.14,84.72
2023-09-21,17.54,91.24
2023-09-22,17.2,91.48
2023-09-25,16.9,91.6
2023-09-26,18.94,100.16
2023-09-27,18.22,95.88
2023-09-28,17.34,91.48
2023-09-29,17.52,93.28
2023-10-02,17.61,93.44
2023-10-03,19.78,102.24
2023-10-04,18.58,97.12
2023-10-05,18.49,95.76
2023-10-06,17.45,94.56
2023-10-09,17.7,93.24
2023-10-10,17.03,90.12
2023-10-11,16.09,88.48
2023-10-12,16.69,90.4
2023-10-13,19.32,101.28
2023-10-16,17.21,91.64
2023-10-17,17.88,94.2
2023-10-18,19.22,100.24
2023-10-19,21.4,105.2
2023-10-20,21.71,105.84
2023-10-23,20.37,102.2
2023-10-24,18.97,97.56
2023-10-25,20.19,103.92
2023-10-26,20.68,104.84
2023-10-27,21.27,108.32
2023-10-30,19.75,100.24
2023-10-31,18.14,93.8
2023-11-01,16.87,89.84
2023-11-02,15.66,86.76
2023-11-03,14.91,84.72
2023-11-06,14.89,81.92
2023-11-07,14.81,81.52
2023-11-08,14.45,80.0
2023-11-09,15.29,83.08
2023-11-10,14.17,79.72
2023-11-13,14.76,78.84
2023-11-14,14.16,78.24
2023-11-15,14.18,76.6
2023-11-16,14.32,75.4
2023-11-17,13.8,74.24
2023-11-20,13.41,73.68
2023-11-21,13.35,72.24
2023-11-22,12.85,72.8
2023-11-24,12.46,69.68
2023-11-27,12.69,70.16
2023-11-28,12.69,69.24
2023-11-29,12.98,70.24
2023-11-30,12.92,69.16
2023-12-01,12.63,68.92
2023-12-04,13.08,69.12
2023-12-05,12.85,68.64
2023-12-06,12.97,68.96
2023-12-07,13.06,69.0
2023-12-08,12.35,67.0
2023-12-11,12.63,65.48
2023-12-12,12.07,63.6
2023-12-13,12.19,62.84
2023-12-14,12.48,62.48
2023-12-15,12.28,64.56
2023-12-18,12.56,64.72
2023-12-19,12.53,65.68
2023-12-20,13.67,69.68
2023-12-21,13.65,68.24
2023-12-22,13.03,66.44
2023-12-26,12.99,64.88
2023-12-27,12.43,62.08
2023-12-28,12.47,61.92
2023-12-29,12.45,62.08
2024-01-02,13.2,62.08
2024-01-03,14.04,64.4
2024-01-04,14.13,64.32
2024-01-05,13.35,62.2
2024-01-08,13.08,60.76
2024-01-09,12.76,59.36
2024-01-10,12.69,58.72
2024-01-11,12.44,58.4
2024-01-12,12.7,59.36
2024-01-16,13.84,61.44
2024-01-17,14.79,63.76
2024-01-18,14.13,61.56
2024-01-19,13.3,60.0
2024-01-22,13.19,58.0
2024-01-23,12.55,56.32
2024-01-24,13.14,57.8
2024-01-25,13.45,58.44
2024-01-26,13.26,58.12
2024-01-29,13.6,58.36
2024-01-30,13.31,57.6
2024-01-31,14.35,60.52
2024-02-01,13.88,60.04
2024-02-02,13.85,59.96
2024-02-05,13.67,57.6
2024-02-06,13.06,56.2
2024-02-07,12.83,56.0
2024-02-08,12.79,55.68
2024-02-09,12.93,56.08
2024-02-12,13.93,57.28
2024-02-13,15.85,61.32
2024-02-14,14.38,58.28
2024-02-15,14.01,57.68
2024-02-16,14.24,57.6
2024-02-20,15.42,59.48
2024-02-21,15.34,58.96
2024-02-22,14.54,57.84
2024-02-23,13.75,55.72
2024-02-26,13.74,55.16
2024-02-27,13.43,54.12
2024-02-28,13.84,55.0
2024-02-29,13.4,54.24
2024-03-01,13.11,54.4
2024-03-04,13.49,54.28
2024-03-05,14.46,56.52
2024-03-06,14.5,56.72
2024-03-07,14.44,56.44
2024-03-08,14.74,57.92
2024-03-11,15.22,57.32
2024-03-12,13.84,54.52
2024-03-13,13.75,54.24
2024-03-14,14.4,55.64
2024-03-15,14.41,56.76
2024-03-18,14.33,55.44
2024-03-19,13.82,53.88
2024-03-20,13.04,52.76
2024-03-21,12.92,52.28
2024-03-22,13.06,52.52
2024-03-25,13.19,52.32
2024-03-26,13.24,52.04
2024-03-27,12.78,51.08
2024-03-28,13.01,51.88
2024-04-01,13.65,52.56
2024-04-02,14.61,53.8
2024-04-03,14.33,53.44
2024-04-04,16.35,55.98
2024-04-05,16.03,57.04
2024-04-08,15.19,54.8
2024-04-09,14.98,54.4
2024-04-10,15.8,55.44
2024-04-11,14.91,54.36
2024-04-12,17.31,59.16
2024-04-15,19.23,62.44
2024-04-16,18.4,60.32
2024-04-17,18.21,59.72
2024-04-18,18.0,59.88
2024-04-19,18.71,61.84
2024-04-22,16.94,57.08
2024-04-23,15.69,54.84
2024-04-24,15.97,54.28
2024-04-25,15.37,55.52
2024-04-26,15.03,53.72
2024-04-29,14.67,52.8
2024-04-30,15.65,54.44
2024-05-01,15.39,54.76
2024-05-02,14.68,52.96
2024-05-03,13.49,51.16
2024-05-06,13.49,49.64
2024-05-07,13.23,49.64
2024-05-08,13.0,49.12
2024-05-09,12.69,48.92
2024-05-10,12.55,48.24
2024-05-13,13.6,48.76
2024-05-14,13.42,47.96
2024-05-15,12.45,46.08
2024-05-16,12.42,46.04
2024-05-17,11.99,45.44
2024-05-20,12.15,45.52
2024-05-21,11.86,44.76
2024-05-22,12.29,45.72
2024-05-23,12.77,46.36
2024-05-24,11.93,45.0
2024-05-28,12.92,45.96
2024-05-29,14.28,47.72
2024-05-30,14.47,47.56
2024-05-31,12.92,46.12
2024-06-03,13.11,45.84
2024-06-04,13.16,46.08
2024-06-05,12.63,45.24
2024-06-06,12.58,45.0
2024-06-07,12.22,44.52
2024-06-10,12.74,44.4
2024-06-11,12.85,44.44
2024-06-12,12.04,43.56
2024-06-13,11.94,43.44
2024-06-14,12.66,44.84
2024-06-17,12.75,44.76
2024-06-18,12.3,44.52
2024-06-20,13.28,46.2
2024-06-21,13.2,45.16
2024-06-24,13.33,44.8
2024-06-25,12.84,44.0
2024-06-26,12.55,43.52
2024-06-27,12.24,43.24
2024-06-28,12.44,43.68
2024-07-01,12.22,41.96
2024-07-02,12.03,41.48
2024-07-03,12.09,41.68
2024-07-05,12.48,41.84
2024-07-08,12.37,41.08
2024-07-09,12.51,41.2
2024-07-10,12.85,41.12
2024-07-11,12.92,41.36
2024-07-12,12.46,40.64
2024-07-15,13.12,41.24
2024-07-16,13.19,41.64
2024-07-17,14.48,43.0
2024-07-18,15.93,44.24
2024-07-19,16.52,46.12
2024-07-22,14.91,43.68
2024-07-23,14.72,43.32
2024-07-24,18.04,49.19
2024-07-25,18.46,49.59
2024-07-26,16.39,46.78
2024-07-29,16.6,45.91
2024-07-30,17.69,47.37
2024-07-31,16.36,46.25
2024-08-01,18.59,50.51
2024-08-02,23.39,62.68
2024-08-05,38.57,87.26
2024-08-06,27.71,70.47
2024-08-07,27.85,68.96
2024-08-08,23.79,63.47
2024-08-09,20.37,55.78
2024-08-12,20.71,54.76
2024-08-13,18.12,50.42
2024-08-14,16.19,47.14
2024-08-15,15.23,45.33
2024-08-16,14.8,45.23
2024-08-19,14.65,44.43
2024-08-20,15.88,46.17
2024-08-21,16.27,46.89
2024-08-22,17.55,48.87
2024-08-23,15.86,45.94
2024-08-26,16.15,45.9
2024-08-27,15.43,44.99
2024-08-28,17.11,47.58
2024-08-29,15.65,45.88
2024-08-30,15.0,44.5
2024-09-03,20.72,53.54
2024-09-04,21.32,54.97
2024-09-05,19.9,52.24
2024-09-06,22.38,56.11
2024-09-09,19.45,52.45
2024-09-10,19.08,51.52
2024-09-11,17.69,49.33
2024-09-12,17.07,48.94
2024-09-13,16.56,48.79
2024-09-16,17.14,49.24
2024-09-17,17.61,50.3
2024-09-18,18.23,49.88
2024-09-19,16.33,47.72
2024-09-20,16.15,47.43
2024-09-23,15.89,47.73
2024-09-24,15.39,47.76
2024-09-25,15.41,48.41
2024-09-26,15.37,48.48
2024-09-27,16.96,50.73
2024-09-30,16.73,49.6
2024-10-01,19.26,53.43
2024-10-02,18.9,52.71
2024-10-03,20.49,55.09
2024-10-04,19.21,53.0
2024-10-07,22.64,57.72
2024-10-08,21.42,55.39
2024-10-09,20.86,54.03
2024-10-10,20.93,54.71
2024-10-11,20.46,54.07
2024-10-14,19.7,52.15
2024-10-15,20.64,53.85
2024-10-16,19.58,53.33
2024-10-17,19.11,52.45
2024-10-18,18.03,51.21
2024-10-21,18.37,51.35
2024-10-22,18.2,51.15
2024-10-23,19.24,53.72
2024-10-24,19.08,52.81
2024-10-25,20.33,55.29
2024-10-28,19.8,52.71
2024-10-29,19.34,52.48
2024-10-30,20.35,53.76
2024-10-31,23.16,57.87
2024-11-01,21.88,56.85
2024-11-04,21.98,54.47
2024-11-05,20.49,51.55
2024-11-06,16.27,46.74
2024-11-07,15.2,45.09
2024-11-08,14.94,44.77
2024-11-11,14.97,44.65
2024-11-12,14.71,44.52
2024-11-13,14.02,43.53
2024-11-14,14.31,43.48
2024-11-15,16.14,46.59
2024-11-18,15.58,44.89
2024-11-19,16.35,46.38
2024-11-20,17.16,48.03
2024-11-21,16.87,47.65
2024-11-22,15.24,45.76
2024-11-25,14.6,43.88
2024-11-26,14.1,43.61
2024-11-27,14.1,43.45
2024-11-29,13.51,42.58
2024-12-02,13.34,42.3
2024-12-03,13.3,42.07
2024-12-04,13.45,42.33
2024-12-05,13.54,42.42
2024-12-06,12.77,41.76
2024-12-09,14.19,42.89
2024-12-10,14.18,42.46
2024-12-11,13.58,42.13
2024-12-12,13.92,42.47
2024-12-13,13.81,42.5
2024-12-16,14.69,43.22
2024-12-17,15.87,44.29
2024-12-18,27.62,51.72
2024-12-19,24.09,56.14
2024-12-20,18.36,48.08
2024-12-23,16.78,44.38
2024-12-24,14.27,42.28
2024-12-26,14.73,42.55
2024-12-27,15.95,44.43
2024-12-30,17.4,45.53
2024-12-31,17.35,45.8
2025-01-02,17.93,46.84
2025-01-03,16.13,44.1
2025-01-06,16.04,43.9
2025-01-07,17.82,46.41
2025-01-08,17.7,46.34
2025-01-10,19.54,49.45
2025-01-13,19.19,48.52
2025-01-14,18.71,47.42
2025-01-15,16.12,43.55
2025-01-16,16.6,43.62
2025-01-17,15.97,43.96
2025-01-21,15.06,42.11
2025-01-22,15.1,42.75
2025-01-23,15.02,41.93
2025-01-24,14.85,41.74
2025-01-27,17.9,44.49
2025-01-28,16.41,43.02
2025-01-29,16.56,42.91
2025-01-30,15.84,42.68
2025-01-31,16.43,44.12
2025-02-03,18.62,45.07
2025-02-04,17.21,43.69
2025-02-05,15.77,42.8
2025-02-06,15.5,42.53
2025-02-07,16.54,43.96
2025-02-10,15.81,42.85
2025-02-11,16.02,42.9
2025-02-12,15.89,42.87
2025-02-13,15.1,42.06
2025-02-14,14.77,42.0
2025-02-18,15.35,41.8
2025-02-19,15.27,41.27
2025-02-20,15.66,41.49
2025-02-21,18.21,44.33
2025-02-24,18.98,44.7
2025-02-25,19.43,45.14
2025-02-26,19.1,44.1
2025-02-27,21.13,46.57
2025-02-28,19.63,45.83
2025-03-03,22.78,49.29
2025-03-04,23.51,50.59
2025-03-05,21.93,48.45
2025-03-06,24.87,53.73
2025-03-07,23.37,51.23
2025-03-10,27.86,56.48
2025-03-11,26.92,56.94
2025-03-12,24.23,53.97
2025-03-13,24.66,56.28
2025-03-14,21.77,51.53
2025-03-17,20.51,49.51
2025-03-18,21.7,50.8
2025-03-19,19.9,49.18
2025-03-20,19.8,48.33
2025-03-21,19.28,48.1
2025-03-24,17.48,45.45
2025-03-25,17.15,45.8
2025-03-26,18.33,46.94
2025-03-27,18.69,47.18
2025-03-28,21.65,51.42
2025-03-31,22.28,51.47
2025-04-01,21.77,51.48
2025-04-02,21.51,50.09
2025-04-03,30.02,62.49
2025-04-04,45.31,74.85
2025-04-07,46.98,74.35
2025-04-08,52.33,85.42
2025-04-09,33.62,67.79
2025-04-10,40.72,79.2
2025-04-11,37.56,77.12
2025-04-14,30.89,68.03
2025-04-15,30.12,68.32
2025-04-16,32.64,73.36
2025-04-17,29.65,71.34
2025-04-21,33.82,76.52
2025-04-22,30.57,70.94
2025-04-23,28.45,68.38
2025-04-24,26.47,65.86
2025-04-25,24.84,63.34
2025-04-28,25.15,63.68
2025-04-29,24.17,63.02
2025-04-30,24.7,64.64
2025-05-01,24.6,63.42
2025-05-02,22.68,61.01
2025-05-05,23.64,62.13
2025-05-06,24.76,64.55
2025-05-07,23.55,62.83
2025-05-08,22.48,60.44
2025-05-09,21.9,59.95
2025-05-12,18.39,52.17
2025-05-13,18.22,51.82
2025-05-14,18.62,52.94
2025-05-15,17.83,52.07
2025-05-16,17.24,51.83
2025-05-19,18.14,52.47
2025-05-20,18.09,52.09
2025-05-21,20.87,55.66
2025-05-22,20.28,55.1
2025-05-23,22.29,58.79
2025-05-27,18.96,52.88
2025-05-28,19.31,53.49
2025-05-29,19.18,53.55
2025-05-30,18.57,53.83
2025-06-02,18.36,53.28
2025-06-03,17.69,52.11
2025-06-04,17.61,52.02
2025-06-05,18.48,53.02
2025-06-06,16.77,50.81
